0914411689,ban be,le quoc cuong,nam,ha noi,05/11/20002,cuong02ht@gmail.com
0914411289,ban be,le quoc cuong,nam,ha noi,05/11/20002,cuong02ht@gmail.com
0974411689,ban be,le quoc cuong,nam,ha noi,05/11/20002,cuong02ht@gmail.com
0914443689,ban be,le quoc cuong,nam,ha noi,05/11/20002,cuong02ht@gmail.com
0914419989,ban be,le quoc cuong,nam,ha noi,05/11/20002,cuong02ht@gmail.com
0914411689,ban be,le quoc cuong,nam,ha noi,05/11/20002,cuong02ht@gmail.com
0114411189,ban be,le quoc cuong,nam,ha noi,05/11/20002,cuong02ht@gmail.com
0913451689,ban be,le quoc cuong,nam,ha noi,05/11/20002,cuong02ht@gmail.com
0932735689,ban be,le quoc cuong,nam,ha noi,05/11/20002,cuong02ht@gmail.com
0732535689,ban be,le quoc cuong,nam,ha noi,05/11/20002,cuong02ht@gmail.com
